{
    "1": 0.076171875,
    "2": 0.1171875,
    "3": 0.1884765625,
    "4": 0.30078125,
    "5": 0.4384765625,
    "6": 0.587890625,
    "7": 0.369140625,
    "8": 0.478515625,
    "9": 0.6015625,
    "10": 0.455078125,
    "11": 0.5537109375,
    "12": 0.650390625,
    "13": 0.75390625,
    "14": 0.8525390625,
    "15": 0.92578125
}